File Name,File Path
changeName.py,D:\Tools\changeName.py
debug.log,D:\Tools\debug.log
psiphon3.exe,D:\Tools\psiphon3.exe
psiphon3.exe.orig,D:\Tools\psiphon3.exe.orig
File Name,File Path
1 Welcome to the React Nanodegree Program Videos.zip,D:\React Nanodegree\1 Welcome to the React Nanodegree Program Videos.zip
10_R React & Redux Videos.zip,D:\React Nanodegree\10_R React & Redux Videos.zip
11_R Architect A Redux Store Videos.zip,D:\React Nanodegree\11_R Architect A Redux Store Videos.zip
12_R Redux Middleware Videos.zip,D:\React Nanodegree\12_R Redux Middleware Videos.zip
13_P2 Readable Videos.zip,D:\React Nanodegree\13_P2 Readable Videos.zip
14_N Up and Running with React Native Videos.zip,D:\React Nanodegree\14_N Up and Running with React Native Videos.zip
15_N React vs React Native Videos.zip,D:\React Nanodegree\15_N React vs React Native Videos.zip
16_N Styling & Layout Videos.zip,D:\React Nanodegree\16_N Styling & Layout Videos.zip
17_N Navigation Videos.zip,D:\React Nanodegree\17_N Navigation Videos.zip
18_N Native Features Videos.zip,D:\React Nanodegree\18_N Native Features Videos.zip
2_F Why React_ Videos.zip,D:\React Nanodegree\2_F Why React_ Videos.zip
3_F Rendering UI with React Videos.zip,D:\React Nanodegree\3_F Rendering UI with React Videos.zip
4_F State Management Videos.zip,D:\React Nanodegree\4_F State Management Videos.zip
5_F Render UI with External Data Videos.zip,D:\React Nanodegree\5_F Render UI with External Data Videos.zip
6_F Managing App Location with React Router  Videos.zip,D:\React Nanodegree\6_F Managing App Location with React Router  Videos.zip
7_P1 MyReads_ A Book Tracking App Videos.zip,D:\React Nanodegree\7_P1 MyReads_ A Book Tracking App Videos.zip
8_R Why Redux_ Videos.zip,D:\React Nanodegree\8_R Why Redux_ Videos.zip
9_R Redux At Its Core Videos.zip,D:\React Nanodegree\9_R Redux At Its Core Videos.zip
1 - Intro.mp4,D:\React Nanodegree\New folder\1 - Intro.mp4
10 - Why Redux Summary.mp4,D:\React Nanodegree\New folder\10 - Why Redux Summary.mp4
2 - Intro Richard and Andrew.mp4,D:\React Nanodegree\New folder\2 - Intro Richard and Andrew.mp4
3 - Benefits of Redux.mp4,D:\React Nanodegree\New folder\3 - Benefits of Redux.mp4
4 - Redux Manages State.mp4,D:\React Nanodegree\New folder\4 - Redux Manages State.mp4
5 - Redux Stores vs. Component State.mp4,D:\React Nanodegree\New folder\5 - Redux Stores vs. Component State.mp4
6 - Pure Functions.mp4,D:\React Nanodegree\New folder\6 - Pure Functions.mp4
7 - Converting Functions Into Pure Functions.mp4,D:\React Nanodegree\New folder\7 - Converting Functions Into Pure Functions.mp4
8 - Intro to Reduce.mp4,D:\React Nanodegree\New folder\8 - Intro to Reduce.mp4
9 - Reduce Example.mp4,D:\React Nanodegree\New folder\9 - Reduce Example.mp4
react-nanodegree-student-handbook-10-17.pdf,D:\React Nanodegree\react-nanodegree-student-handbook-10-17.pdf
syllabus-react-nd-v3.0-.pdf,D:\React Nanodegree\syllabus-react-nd-v3.0-.pdf
